제목,링크,접수기간,상태,PDF 파일명,PDF 내용
2025년 광주영상콘텐츠 로케이션 제작지원 안내,https://www.gicon.or.kr/board.es?mid=a10204000000&bid=0003&act=view&list_no=30941&nPage=1,2025.01.01 ~ 2025.12.31,접수중,30941&seq=1.pdf,"- 1 -2025년 광주영상콘텐츠 로케이션 제작 지원 안내
 
 ▢ 지원 목적 
   광주지역 내의 로케이션에 필요한 공유시설 사용을 위한 행정 지원과 
제작 환경 등을 개선하고 영상 제작 원가 절감에 필요한 유무형의 서
비스를 제공
 ▢ 지원 내용
  ❍ 지원분야 : 광주광역시 내에서 촬영·제작(후반작업 포함)한 영상물
에 한함
   - 극장 개봉과 OTT 플랫폼에서 방영할 영화·시리즈물
   - 지상파ㆍ CATV 등에서 방영할 드라마 , 뮤직비디오 , 광고ㆍ홍보영상
  ❍ 지원규모 
   - 제작(작품)별 지역에서 지출한 제작비용의 40%( 최대 1억 원) 이내
   - 촬영 및 후반제작 비용(후반 제작은 전체 지원금의 1/2 이내)
  ❍ 지원항목 (규칙 제22조 참고)
   - 작품의 순수 제작비용을 대상, 로케이션 제작과 직접 관련된 제반
(각종 임차·구입) 비용, 관리규칙 지원비 산정기준에 따라 지원
   - 공유재산 및 시설물 사용 승인에 필요한 행정 지원
  ❍ 지원조건
   - 광주광역시내 촬영 및 제작에 소요된 순수제작비 소비액
   - 신청서, 제작 계획서 , 광주광역시내 촬영내용 등 공고 시 첨부된 서류 
제출 (배급/편성 확인서 (계약서 ), 투자계약서 , 원작(작가)·감독·주연배
우 계약서 등 포함)
 ▢ 접수 및 신청기간  : 
  ❍ 기간 : 제작종료일부터 3개월 이내(예산 소진시까지 )
  ❍ 접수 : 이메일 , hyk@gicon.or.kr
  ❍ 문의 : 영상영화사업국 사업담당자 T. 062-350-9340
각 세부내용은 관리규칙 (첨부)을 참고하시기 바랍니다 .
붙임1. 광주영상콘텐츠로케이션제작지원 신청서 및 관련 서류 각 1부
    2. 광주영상콘텐츠 로케이션제작지원사업 관리규칙 1부.  끝."
WAF2025 제21회 웹툰‧애니메이션 창작자 공모전(연장),https://www.gicon.or.kr/board.es?mid=a10204000000&bid=0003&act=view&list_no=31133&nPage=1,2025.07.01 ~ 2025.08.06,접수중,31133&seq=1.pdf,"『WAF2025 제21회 웹툰․애니메이션 창작자 공모전 』
참가 모집 공고문 
▢ 공모개요
❍ 공 모 명 : 제21회 웹툰·애니메이션 창작자 공모전
❍ 공모분야 : 웹툰, 애니메이션
❍ 공모대상 : 일반부, 대학(원)부, 고등부
                 ※대학(원)부는 재학·휴학증명서 발급 가능인에 한함
❍ 공모기간 : 공고일 ~ 2025. 8. 6.(수)
❍ 접수기간 : 2025. 7. 1.(화) ~ 8. 6.(수) 18:00까지
❍ 시 상 금 : 22.6백만원
❍ 주    최 : 문화체육관광부 /광주광역시
❍ 주    관 : (재)광주정보문화산업진흥원 
❍ 후    원 : (사)애니메이션산업협회 , (사)애니메이션제작자협회 , (사)한국웹툰산업협회
▢ 신청자격
  ❍ 공모전에 관심 있는 일반인, 학생(고등학생 이상) 개인 또는 4인 이내의 팀
  ❍ 출품 및 심사 제외대상에 해당되지 않으며 공서양속(공공 및 사회질서)에 위배되지 
않은 자유주제의 창작 웹툰·애니메이션 작품
  ❍ 1인당 1작품 가능(개인 또는 단체 중복 지원 불가)
 【 신청 제외대상 】
  ▪ 저작권이 타인이나 타 단체 및 회사에 귀속되었거나 공유된 작품
  ▪ 작품에 대한 배급·유통, 라이선싱 계약이 기 체결된 작품
  ▪ 정부(지방) 기관 등의 지원을 받아 제작된 작품 또는 공모전 등을 통한 수상 작품
  ▪ 기존 작품의 표절 또는 모방으로 판단되는 작품
  ▪ 기타 평가(심의)위원회에서 부적격하다고 판단된 작품
  ※ 신청제외 대상임에도 불구하고 선정 또는 상금을 수령 한 경우, 선정을 취소하며 상금 전액을 환수 조치합니다 .   
▢ 세부내용
    m 출품작 규격
   - 웹툰분야
 고등부 대학(원)부 일반부
1화 이상(70컷 이상) 2화 이상(140컷 이상) 2화 이상(140컷 이상)
・주   제 : 자유(기승전결이 포함된 스토리 형식) / 광주주제 : 가산점 5점
・포   맷 : 웹 게재용 스크롤 형식의 jpg 또는 png(해상도 300dpi이상)
・규   격 : 가로 720px (세로 제한 없음)   - 애니메이션 분야
 고등부 대학(원)부 일반부
롱폼 포멧3분 이상 3분 이상 3분 이상
・주     제 : 자유(완결구조를 가진 애니메이션 ) / 광주주제 : 가산점 5점
・영상포맷 : mp4
・영상규격 : 1920×1080 사이즈 (비율 제한 없음) 
・사운드포맷 : 스테레오
숏츠 포멧편 수 관 계  없이  1분  이 상 편 수  관계  없 이 1분 이 상 편 수 관 계  없이  1분  이 상
・주     제 : 자유 / 광주주제 : 가산점 5점
・영상포맷 : mp4
・영상규격 : 1080×1920 사이즈 / 가로‧세로 비율(9 : 16)
・사운드포맷 : 스테레오  
  ❍ 선정작 시상(18작품) 총 22.6백만원
    ▶ 웹툰 부문 : 9작품/11.3백만원
  구 분일반부 대학(원)부 고등부
시상금 작품 상장 시상금 작품 상장 시상금 작품 상장
대상 3백만원 1작품 장관상 2백만원 1작품 시장상 1백만원 1작품 교육감상
최우수상 2백만원 1작품 시장상 1백만원 1작품 시장상 50만원 1작품 원장상
우수상 1백만원 1작품 원장상 50만원 1작품 원장상 30만원 1작품 원장상
계 6백만원 3작품 350만원 3작품 180만원 3작품
    ▶ 애니메이션 부문 : 9작품/11.3백만원
  구 분일반부 대학(원)부 고등부
시상금 작품 상장 시상금 작품 상장 시상금 작품 상장
대상 3백만원 1작품 장관상 2백만원 1작품 시장상 1백만원 1작품 교육감상
최우수상 2백만원 1작품 시장상 1백만원 1작품 시장상 50만원 1작품 원장상
우수상 1백만원 1작품 원장상 50만원 1작품 원장상 30만원 1작품 원장상
계 6백만원 3작품 350만원 3작품 180만원 3작품
   ※ 상황에 따라 선정작 수, 상금, 훈격 등 조정될 수 있음
▢ 선정절차 및 선정기준
  ❍ 선정방법
    - 분야별 외부 평가위원 5~7인으로 구성된 평가위원회의 평가를 통해 선정
    - 평가위원회 구성 : 3배수 심사위원 풀에서 신청자의 추첨을 통해 선정
      평가위원 POOL
▶순위 결정
▶평가위원 선정
∙ 전문가 그룹별 3배수 
21명 구성∙ 접수자 추첨에 의해 
다 추첨자순으로 결정∙ 순위별 섭외 
(불가 시, 차순위자 섭외)  
  ❍ 선정기준 
    - 최고‧최저점을 제외한 평가위원 평균점수가 70점 이상인 작품 중에서 고득점 
순으로 선정
    - 동점일 경우 평가항목 기획성, 심미성의 고득점 순으로 선정
    - 평가항목 및 배점    
  No 평가항목 평가 지표 배 점
1 기획성  스토리와 구성 요소가 논리적이고 조화롭게 짜여진 정도 35
2 심미성  작품이나 결과물이 시각적으로 아름답고 조화롭게 표현된 수준 35
3 창의성  독창적이고 새로운 아이디어나 접근 방식을 제시한 정도 30
계 100  
    ※ 평가위원회의 평가결과에 따라 작품 수준이 미흡할 경우 선정 작품수가 조정되거나 선정작이 없을 수 있음  
▢ 추진일정
   공모 접수 선정평가 선정작 발표 시상식
홈페이지 공고 
및 홍보▶신청서 접수 ▶선정 평가위원회
개최▶선정작 홈페이지 
 공 고  및  개 별  통 보▶시상식 개최
공고일 ~ 8. 6. 7. 1. ~ 8. 6. ‘25. 8. 12.(예 정) 8월 중 ‘25. 8. 29.(금)
    ※ 상기 일정은 상황에 따라 조정될 수 있음
▢ 접수방법
  ❍ 참가 접수 방법
    
    ※ 선정작은 추후 원본 및 이미지 파일 제출(작품집 제작 등 홍보 활용 예정) 
  ❍ 제출서류 : 참가신청서 , 작품소개서 , 개인정보이용동의서 , 평가위원추첨서 , 작품 파일
  ❍ 제출항목
    구분  제출서류 및 파일  파일명 제출필수
1 o 참가신청서 1부(날인 또는 서명 필수)
(애니/웹툰)제출서류 _작품명
예) (웹툰)제출서류 _더글로리 .zip
(애니)제출서류 _더글로리 .zip○
2 o 작품소개서 1부(3쪽 이내) ○
3 o 개인정보이용동의서 1부 ○
4 o 평가위원추첨서 1부 ○
5 o 작품 파일(애니/웹툰)공모작품 _작품명
예) (웹툰)공모작품 _더글로리 .jpg
(애니)공모작품 _더글로리 .mp4○
      ※ 작품제작시 타인의 저작권 (언어,폰트,음악,이미지 ,영상,소리,개인초상권 등)을 침해하지 않도록 유의하 시기 
바랍니다 .
      ※ 제출된 서류 및 파일은 일체 반환하지 않습니다 .1. 광주정보문화산업진흥원 홈페이지를 통해 접수 
   - 홈페이지 (www.gicon.or.kr ) 접속 ▶ 주요사업 ▶ WAF ▶ 공모전 ▶ 접수 
2. 서류 접수 후 응모 작품 이메일로 제출  
   - 파일(공모작품 _작품명 .zip) 압축 후 이메일 (waf@gicon.or.kr) 제출      ※ 공모전의 공정한 평가를 위해 참가자들이 제출한 추첨서 (그룹1~7까지 체크된 )를 토대로 다 추첨자  순으로 평
가위원 섭외하여 진행합니다 .
▢ 문의처
  ❍ (재)광주정보문화산업진흥원
    - 콘텐츠성장팀 김나혜 선임(062-610-2938)
    - 콘텐츠성장팀 이해균 수석(062-610-2932)"
「2025년 지역 디지털 품질관리 역량강화사업」디지털 제품(서비스) 컨설팅 및 테스팅 지원 공고,https://www.gicon.or.kr/board.es?mid=a10204000000&bid=0003&act=view&list_no=31143&nPage=1,2025.06.01 ~ 2025.11.30,접수중,31143&seq=1.pdf,"- 1 -제2025 - 3929호
「2025 년 지역 디지털 품질관리 역량강화사업 」
디 지 털  제 품(서 비 스) 컨 설 팅  및  테 스 팅  지 원 공 고
 광주지역 ICT/SW기업이 보유한 디지털 제품 또는 서비스의 
SW품질향상과 기업경쟁력 강화를 위한 컨설팅 및 테스팅 지원
1지원개요
  ○ 사 업 명 : 2025년 디지털 제품(서비스) 컨설팅 및 테스팅 지원
  ○ 지원기간 : 2025. 6. 1. ~ 2025. 11. 30.
  ○ 지원대상 : 디지털 제품(서비스)를 보유한 광주광역시 본사소재 기업 
  ○ 지원방법 : 제출 신청서 접수 후 개별 일정 협의
2세부내용
  ○ 지원내용
지원분야 지원 내용
컨설팅 
지원
(무료)  - 프로젝트 품질관리 컨설팅 (요구사항 , 품질관리계획 수립 관련)
  - 프로젝트 관리 시스템 구축 컨설팅 (버전(형상)관리, 테스트 자동화 등)
  - 품질 및 테스팅 역량 수준 진단 컨설팅
  - 스타트업 SW제품 품질 향상을 위한 테스팅 환경 구축 컨설팅
  - 소프트웨어 품질인증 컨설팅 (GS, SP, CMMi 등)
  - 소프트웨어 시험분야 시험평가 또는 시험성적서 발급 가이드 사전 컨설팅
테스팅 
지원
(무료)  - 소스코드 품질 분석 테스트
  - 코드품질 (결함, 보안) 향상을 위한 시큐어코딩 테스트
  - 웹 애플리케이션 취약점 테스트
  - 사용성 , 기능적합성 테스트
  - 테스팅 가이드 (테스트 시나리오 , 체크리스트 , 결함리포트 작성 등)- 2 -    ※ 세부 지원내용은 진흥원의 사정에 따라 변경될 수 있음
  ○ 지원조건
3지원절차
지원공고
⇒지원신청
⇒사전 진단 및 분석
⇒컨설팅 or 테스팅
⇒사후관리
진흥원
홈페이지 신청서
제출일정 협의 후 
전담인력 방문산출물 (보고서 ) 제공
※필요시 전문가 매칭전담인력을 
통한 지속적인 
관리
 ※ 상기 일정은 진흥원의 사정에 따라 변경될 수 있음지원분야 지원 조건
컨설팅 및
테스팅 지원◦ 2025년 지역 디지털 품질관리 역량강화사업 (광주) 에서 추진하는 
   SW품질기술교육 및 세미나 1회 이상 참여기업 우선지원
   (신청일 기준 참여 가능한 교육이 없는 경우 지원 종료 후 필수 참여)(참고) 테스팅 도구 보유 현황
도구/장비명 제조사 수량 용도/주요기능
Codesonar grammatech 1Inter Procedural 방식으로 
결함검출 
QAC/QAC++Programming 
Research Group1코딩룰 기반, 코드 내 존재 하는 
버그 검출 
Sparrow QCE 파수닷컴 1 프로그램 정적 오류분석 시스템
TestExpressMDS
테크놀로지1안드로이드와 iOS용 App등 
블랙박스 테스팅 도구
Visual Studio Test Pro 
2012Microsoft 1매뉴얼테스팅 , 예비테스팅 및 
스크립팅된 테스팅 수행
HP LoadRunner HP 1 성능 /스트레스 테스트 
시뮬레이션 수행
모바일 테스팅 장비 삼성전자 외 10 모 바 일  앱  기 능 테 스 트 , 환 경 테 스 트- 3 -4신청서 작성 및 제출방법
  ○ 신청서식 : 진흥원 누리집(www.gicon.or.kr ) 공고게시문 내 첨부
  ○ 제출방법 : 이메일(swtesting@gicon.or.kr) 또는 방문 제출
  ○ 관련문의 : SW진흥팀 062-610-2424"
「2025 AI융합 지능형 농업생태계 구축」인공지능 기술 고도화 지원사업 3차 수시 공고(신뢰성 평가 인증 지원/~11.30.),https://www.gicon.or.kr/board.es?mid=a10204000000&bid=0003&act=view&list_no=31280&nPage=1,2025.07.01 ~ 2025.11.30,접수중,31280&seq=1.pdf,"- AI융합 지능형 농업 생태계 구축 사업 -
인공지능 기술 고도화 지원사업 
(신뢰성 평가 인증 지원)
상시 모집공고
『인공지능 기술 고도화 지원사업』을 다음과 같이 공고합니다 .
2025. 7.
(재)광주정보문화산업진흥원장
1 공고 개요
1. 사업기간  : 협약일로부터 2025. 11. 30.까지
2. 지원내용
 -기술 고도화 지원 : AI융합 지능형 농업에 활용이 가능한 전 분야(생산, 물류, 
유통 등) 기술의 고도화를 통한 기업 경쟁력 강화 지원
3. 지원규모
 가. 총 지원규모 : 총 2개社 내외 지원
분야 세부지원명 지원 금액 지원 수
기술 고도화
지원 신뢰성 평가 인증 지원 기업당 9백만원 이내 2개社 내외
      ※ 「신뢰성 평가 인증 지원」사후 지원, 신뢰성 평가 인증 완료 후 지원 가능
      ※ 「신뢰성 평가 인증 지원」은 잔여 예산 범위 내 지원 예정
2 세부 지원내용
1. 사업목적 : AI융합 지능형 농업 관련 기술 확보/확산을 통한 기업 경쟁력 강화
2. 사업기간  : 협약일로부터 2025년 11월 30일까지
3. 사업내용
 가. (신뢰성평가 인증) 지능형 농업에 활용 가능한 AI기술 신뢰성 평가 비용 지원
       ※  SW품 질 평 가 , 데 이 터 품 질 평 가 , 시 험 평 가 인 증 (KC, 안 정 성  등), AI신 뢰 성 인 증  등 
       ※  2025년  내  취 득 한  신 뢰 성  평 가 에  한 하 여  지 원 4. 신청대상  
 가. 공고일 기준 AI, SW, ICT, 지능형 농업 등 관련 업종으로 사업자 
등록된 광주광역시 내 기업(본사, 지사, 부설연구소 소재) 
‣ 중견기업 : 「중견기업 성장촉진 및 경쟁력 강화에 관한 특별법」제2조(정의)에 해당하는 기업 
‣ 중소기업 : 「중소기업기본법 시행령 」제3조(중소기업의 범위)에 해당하는 기업*
 * 중소기업기본법에 따른 업종별 평균 매출액 등의 규모 기준을 적용
‣ 벤처기업 : 「벤처기업 육성에 관한 특별 조치법 」 제2조의 2(벤처기업의 요건)에 따른 기업
‣ 소상공인 : 「소기업 및 소상공인 지원을 위한 특별조치법 」 제2조에 따라, 소기업 중 상시근로자가 10명 미만인 사업자
‣ 1인창조기업  : 「1인 창조기업 육성에 관한 법률」에 따라, 1인 또는 5인 미만의 
공동사업자로서 상시근로자 없이 사업을 영위하는 자
※ 제외대상 : 위에 해당하지 않는 기업이나 기관, 조달청 기준 부정당사업체 , 금융기관 으로부터 채무불
이행으로 규제 중인 기업, 휴업 및 세금체납 기업
 나. 신청 제외대상
 1. 제출서류 미비한 또는 요건 미충족에 해당하는 기업
 2. 지원대상 자격요건에 해당하지 않는 기업
 3. 부정수급 등 보조금법 위반 등 정부 지원사업에 참여제한 중인 경우
 4. 최근결산 기준 자본전액잠식인 경우 
  * 단, 최초신청일 기준 창업 ·법인설립 3년차 미만인 경우 또는 개인사업자인 경우 자본잠식 검증
대상에서 제외
 5. 국세·지방세 체납으로 규제 중인 경우(세금체납 여부는 계약 시 국세/지방세 완납증명서로 확인) 
 6. 금융기관 등으로부터 채무불이행으로 규제 중인 자 또는 기업
 7. 최초신청일 기준 부도/화의/법정관리 /휴업 상태인 경우 
5. 사업비지급 및 편성
 가. (사업비 지급)「신뢰성 평가 인증」 선정 이후 일괄지급
 나. (사업비 편성) 기금 사업비 산정 및 정산 등에 관한 지침 [별첨] 
참조 및 사업계획서 양식을 참고하여 작성
 다. 사업비 예산 편성 기준
비목 세목 세부산출 내역 지원사업 비 고
운영비 일반수용비 각종수수료 및 사용료 신뢰성평가신뢰성 평가 인증은
‘일반수용비 ’ 만 편성가능
  ※ 상 세  내 용  [별 첨] 참 조   참 고  및  지 원 사 업  수 행 계 획 서  양 식  참 고 6. 추진절차
구분 내용 비고
사업공고  • 공고 일자 : 2025. 7. 2.(수) ~ (상시모집 )광주정보문화산업
진흥원 홈페이지
ò
사업계획서 
접수 • 공고 및 접수 일정 : 상시 접수
 • 접수서류 : 사업계획서 등 제출서류 
   ※ 매월말 당월 모집건 평가접수
ò
선정평가 • 사업 신청서류 제출 기업별 별도 통보(평가일정 등)
 • 평가형식 : 적합성 검토, 서류
   * 서류평가 (서면평가 )로 진행함평가위원회 및 
회계법인검토
ò
최종선정  • 최종 지원과제 선정 선정 결과 알림
ò
협약  • 협약체결(사업운영기관 ↔ 지원대상 기업) 협약(오프라인 )
ò
지원금 지급  • 지원금 지급 사업운영기관
ò
사후관리 • 성과 및 실적 조사
  * 신뢰성평가 인증 지원은 최종평가 없음평가위원회 및 
회계법인정산
3 평가 방법
1. 평가절차 
 신청서류 기반 사전검토 후 심사 절차에 따라 진행 (제출서류 누락 
기업의 경우, 평가대상에서 제외)
적합성검토
(서류검토 ) ‣선정평가 (평가위원회 )‣사업비 심의·조정
(사업비검토위원회 )서류평가2. 적합성 검토
 서류 검토, 서류 미비 및 요건 미 충족 시 평가 대상 제외, 중소기업 확인서, 참
여제한 조건 해당 여부 검토 (부정당사업체 , 휴업 중인 기업, 세금체납 기업 등)
3. 평가위원회  : 사업 분야별 외부 전문가 5인 내외 구성 (이해관계자 제외) 
4. 평가방법 : 서류평가
 가. 최고점수와 최저점수를 제외한 종합평점이 60점 이상인 과제 중,
고득점 기업을 우선 지원함 
 나. 협약 체결을 포기하는 기업이 발생하는 경우 차순위를 지원함
 다. 일자리 창출 필수 및 가점 부여 
사업 구분 일자리 창출 필수 가점 부여
신뢰성 평가 인증 해당없음채용시  
1명당 0.5점 부여, 최대 2점
 ※ 일자리 창출 기준 : 근속기간 3개월 이상, 참여율 10% 이상(협약일 ~ 2025. 12. 31.)
 ※ 일자리 창출 발생일 기준은 본 사업「AI융합 지능형 농업 생태계 구축 사업」의 협약일 
기준으로 산정 (협약일 ~ 2025. 12. 31.)
 ※ 일자리 창출에 대한 계획을 명시하였으나 미창출 되었을 경우, 추후 AI융합 지능형 농업 
생태계 구축 관련 공모 지원사업 참여 제한 및 지원금 환수
5. 평가항목 및 기준
가.「신뢰성평가 인증」평가항목 및 평가기준    
항목 주요 평가내용 배점(점)
예산 및 
회계점검 (10)- 재무구조 ·경영상태 등 재무제표 평가 
- (IP지재권 및 기술컨설팅 ) 예산 편성의 타당성10
사업필요성 (20)- 지원 필요성 , 목적의 명확성 , 지원 결과물 구체성 등
- 기술 애로사항에 대한 해결 필요성 및 시급성20
기술평가 (30)- 기술 완성도 및 유사기술 대비 경쟁력 및 차별성 
- 기술 지능형 농업 적용 범위 및 가능성
- 기술 개발·적용을 통한 농업 연계 방안30
활용적정성 (30)- 지원 받은 기술 사업 활용 및 사업화 제시
- 비즈니스 모델 창출, 사업화 , 상용화 전략 방안 제시30
성장가능성 (10) - 기업 성장 가능성 및 해당 지원 사업 효과 등 10
일자리 창출(2)- 서류 일자리 창출 계획
  (서류 평가시 가점항목으로 적용)2
합계 - 1024 신청 방법 및 서류
 1. 신청기간 : 상시접수
 2. 신청방법  : 이메일 접수
 3. 신청서류
번호 제출서류 목록 비고
1 사업수행계획서 별지 서식
2 참여기관 참여확약서 별지 서식
3 신청자격 적정성 및 자기진단서 별지 서식
4 개인정보 수집·이용·제공 동의서 별지 서식
5 청렴서약서 별지 서식
6 개인정보 취급자 개인정보보호 서약서 별지 서식
7 기업확인 ·인증서 (예 : 중소기업확인서 등) 중소기업현황정보시스템 등
8 국세 및 지방세 완납증명서 홈택스 및 정부24
9 사업자 등록증 홈택스
10 재무제표 (3년 이내) 정부24 등
11 기술 및 제품 보유 실적 자유 양식
12 유사사업 중복성 검토 서류 NTIS
13 과제신청 기본사항 별지 서식
14 신뢰성평가 인증 사업 평가에 필요한 각종서류1. 인증서
2. 견적서
3. 거래명세서
4. 공급기업통장사본
5. 세금계산서
6. 거래확인증
(입금내역 등 포함) 등 
필요서류 일체
4. 문의처 및 접수처
 가. (재)광주정보문화산업진흥원 ICT융합본부 AI융합팀 
     (문의 및 접수처) 062-610-2436, jyun522@gicon.or.kr
 ※ 메일 접수 시 제목 : [기업명 ]사업명 _세부사업 (ex: [㈜GICON ]_신뢰성평가 인증)
 ※ 지원사업의 신청, 접수, 선정 및 평가, 지원내용 등 상담 지원
 ※ 유선문의 가능시간 : 평일 09:00 ~ 18:00 (11:30 ~ 13:00 제외)5 의무사항
1. 사업일반
 가. 사업 성과(사업화 성공 여부, 매출액, 특허, 논문, 고용창출 , 제품 상용화 등) 
제고를 위한 기업간담회 , 만족도 조사, 중앙기관 우수기술 전시회 
등에 협조해야 함
 나. 본 사업과 관련하여 , 대국민 홍보가 필요한 경우 언론보도 , 홍보
영상, 성과사례집 제작 등에 협조해야 함
2. 개인정보보호 관리 방안
 가. 본 사업을 수행함에 있어 개인정보가 포함되는 데이터를 취급, 관리, 활
용 등의 경우 개인정보보호 관리 방안을 사업수행계획서 내에 작성하고 
개인정보 취급자 개인정보보호 서약서(별지서식)를 작성하여 제출해야 함
 나. 본 사업의 개인정보를 처리한 기업·기관은 개인정보보호 관련 법령·고
시, 지침·고시 해설, 가이드·자율점검 등 제반의무*를 준거해야 하며,  
- 법·규정 위반時 발생되는 손해에 대해서는 해당 기업·기관에 
모든 민·형사상 책임이 있음 
     * 개인정보 수집･활용･제공 등 의무사항 外 윤리 준거의무를 포괄하며 개인정보보호위원회
(www.pipc.go.kr) 와 개인정보보호포털 (www.privacy.go.kr) 에 공개된 지침 및 가이드 준거
 다. 개인정보 위탁, 개인정보 영향평가 대상, 가명처리 필요 時  관련 규정의 이
행·점검·조치방안과 법률 검토내용 등을 사업계획서에 필수 제출해야 함
 라. 선정기업은 필요시 개인정보보호관리자 (담당자)를 지정해야 함
 마. 사업 수시·중간·최종점검 時 개인정보 현황점검에 적극적으로 협조
 바. 과제 정기점검 시 사업수행계획서에 포함된 개인정보 관련 법규
정 이행과 관리현황을 검토하여 미흡사항이 식별되었을 경우 보
완 요구 시 조치해야 함
 사. 개인정보보호와 관련된 이슈가 발생된 경우 즉시 전담기관에 통보해야 
하며, 전담기관의 개인정보보호관리 관련 현황조사 등에 협조해야 함
 아. 개인정보 데이터 파기, 결과물 內 개인정보 포함, 개인정보 영향
평가, 개인정보 공개, 윤리이슈 발생 時 사업결과서 內 데이터 전체 점검결과를 제출해야 함
 자. 개인정보보호법규정 위반 時 심의를 통해 제재가 확정된 경우 
협약 해지, 참여 제한, 사업비 환수, 사법당국 고발조치 , 손해배
상 청구 등이 있을 수 있음
 차. 사업 제안기관 ·기업의 과거 개인정보보호법 위반, AX랩 보안규정 
위반이력을 필수 제출해야 하며,
   - 위반 사실 확인* 시 선정평가 (서류 평가) 감점
   * 개인정보보호법 위반 및 보안규정 위반관련 이력을 제출한 기업과 공고일 기준 3년 이내 개
인정보호위원회를 통해 개인정보보호 위반사실이 확인된 기업·기관을 대상으로 감점 부과 
6 제제사항
1. 부정수급 관련 제재
 가. 부정하게 지원예산을 수급하거나 지원받은 예산을 규정 외 부정하
게 집행할 경우, 부정행위 사안에 따라 지원금 환수, 사업 참여제한 
및 형사고발 이 될 수 있음
1. 다른 지원사업에서 지원받아 이용한 서비스를 본 사업을 통해 중복 청구
2. 지원사업의 결과물을 타 기관의 지원사업의 결과물로 제출하거나 개발 비용을 청구한 경우
3. 사업비를 다른 용도로 사용하거나 최종결과물을 허위 보고한 경우
4. 기타 지원사업의 취지 또는 정부지원금 , 민간부담금 제도의 취지에 반하는 행위를 하는 경우
 나. 부정수급 적발과 법규정 위반 등 사회적 물의를 일으켜 심의를 통해 제
재가 확정된 경우, 
   - 사업 참여가 영구적으로 제한되고, 사업비 환수 외 사안에 따라 사법당
국 고발조치가 있을 수 있음
    * 부정수급 방지를 위한 사전교육 , 컨설팅과 현장점검을 통한 관리감독 , 클린센터를 통한 신고
접수, 부정수급 적발 시 환수 및 고발조치 이행
 다. 본 사업은“국가재정법 ”, “공공재정환수법 ”, “지방분권균형발전법 ”, 
“정보통신진흥기금 운용·관리규정 및 부속지침”, “ICT기금사업 사업
비 산정 및 정산 등에 관한 기준“이 적용되며, 다른 용도의 사업비 사용 또는 거짓신청, 부정한 방법으로 보조금을 지원받은 경우 10년 이하
의 징역 또는 1억원 이하의 벌금이 부과될 수 있음
 라. 부정사용금액을 포함하여 별도 제재부가금이 부과될 수 있으며, 보조금 
부정수급자로 명단이 공표될 수 있음
 마. 고의, 거짓 등의 방법으로 부정수급을 행한 사실이 있다고 사료되는 경
우 해당자를 고발조치할 수 있고 수요기업으로 선정된 자의 사업비 횡
령, 편취 등 용도 외 사업비 집행으로 인한 환수조치 발생 시, 채권추심 
등의 행정행위를 취할 수 있음
 바. 사업비 부정사용이 의심되는 경우 사업운영기관으로 상시 신고 접수 필요
2. 제재부가금 및 사업제한
 가. 사업수행 과정에서 협약 및 관련 규정을 위반하는 경우는 과제 선정 이
후라도 심의결과에 따라 지원금 환수 및 제재조치를 취할 수 있음
사업수행 의무 불이행 시 제재사항
ㅇ 협약 후 중도포기할 경우 참여기업 (수요기업 및 공급기업 )의 차년도 사업 참여를 제한하고 심의
결과에 따라 사업비를 환수할 수 있음
ㅇ 신청기관이 민간부담금 확보 등의 약속사항을 불이행한 경우 제재조치를 취할 수 있음
ㅇ 신청기관의 귀책사유로 협약추진이 지연되어 과제 종료시한 이내에 과제완료가 곤란한 경우
ㅇ 인공지능 솔루션 , 기술인력 , 사업수행 경험 등과 관련하여 신청내용 중 허위사실이 있고 해당 허
위내용 기재의 고의성이 드러난 경우
ㅇ 동일하거나 유사한 과업내용으로 타 정부과제를 수행했거나 수행 중인 사실이 확인된 경우
ㅇ 각종 보고서 제출 등 의무사항을 불이행하고 있는 경우 제재조치를 취할 수 있음
< 제재부가금 기준(예시) >
용도 외 사용금액 제재부가금 기준 예시
5천만원 이하 50% 3천만원 용도 외 사용 시 제재부가금은 1천5백만원
5천만원 ~1억원 2천5백만원 +5천만원 초과 100%7천만원 용도 외 사용 시 제재부가금은 4천5백만원
(2천5백만원 + 2천만원 (5천만원 초과액 ))
1억원~3억원 7천5백만원 +1억원초과 150%2억원 용도 외 사용 시 제재부가금은 225백만원
(7천5백만원 +1.5억원(1억원 초과 1.5배))
3억원 용도 외 사용 시 제재부가금은 375백만원
(7천5백만원 +3억원(1억원 초과 2억원의 1.5배))< 사업참여제한 기준(예시) >
구분 제한사유 제한기간
지원기업보조금을 다른 용도에 사용한 사유로 교부 결정의 전부 또는 일부 취소를 받은 경우 3년
법령, 보조금 교부 결정의 내용 또는 법령에 따른 중앙관서의 장의 처분을 위반한 사
유로 교부 결정의 전부 또는 일부 취소를 받은 경우2년
거짓 신청이나 그 밖의 부정한 방법으로 보조금을 지급받은 사유로 보조금의 전부 
또는 일부의 반환명령을 1회 이상 받은 경우5년
보조금을 지급 목적과 다른 용도에 사용하여 보조금의 전부 또는 일부의 반환 명령
을 받은 경우3년
보조금을 지급받기 위한 요건을 갖추지 못하고 보조금을 지급받아 보조금의 전부 또
는 일부의 반환명령을 받은 경우2년
 * 상기 제재부가금 및 사업 참여제한 예시는 심의위원회 심의결과에 따라 변경 가능"
새글 『제12회 대한민국 SW융합 해커톤 대회』광주지역 참가팀 모집 공고,https://www.gicon.or.kr/board.es?mid=a10204000000&bid=0003&act=view&list_no=31339&nPage=1,2025.07.23 ~ 2025.08.06,접수중,31339&seq=4.pdf,"- 1 -『제12회 대한민국 SW융합 해커톤 대회』
광주지역 참가팀 모집 공고
 (재)광주정보문화산업진흥원에서는 「AI로 만드는 지속 가능한 미래」
를 주제로 12회를 맞이하는 『대한민국 SW융합 해커톤 대회』 광주지역 
참가팀을  모집하고자 하오니, 많은 관심과 참여를 부탁드립니다 .
2025년 7월
(재)광주정보문화산업진흥원장
1대회 개요
 ㅇ 대 회 명 : 제12회 대한민국 SW융합 해커톤 대회
 ㅇ 주    최 : 과학기술정보통신부 , 정보통신산업진흥원 (NIPA)
 ㅇ 공동주관 : 세종테크노파크 포함 전국 12개 지역SW산업진흥기관
 ㅇ 후    원 : 세종특별자치시 등 전국 10개 지자체
순서 지자체 지역SW산업진흥기관
1 세종특별자치시 세종테크노파크
2 강원특별자치도 강원정보문화산업진흥원
3 경상남도 경남테크노파크
4 광주광역시 광주정보문화산업진흥원
5 대구광역시 대구디지털혁신진흥원
6 부산광역시 부산정보산업진흥원
7 전라북도전북테크노파크
한국전자기술연구원
전주정보문화산업진흥원
8 제주특별자치도 제주테크노파크
9 충청남도 충남테크노파크
10 충청북도 충북과학기술혁신원- 2 - ㅇ 대회일정 : 2025. 08. 29.(금) ~ 08. 31.(일) / 무박 3일(42,195시간)
 ㅇ 대회장소 : 세종공동캠퍼스 실내체육관
   ※ 세종특별자치시 집현북로 109(집현동 650-2)
 ㅇ 참가규모 : 총 60개팀 이내(1개팀 기준, 팀장 포함 4인 이내)
 ㅇ 참가주제 : AI로 만드는 지속 가능한 미래
 ㅇ 과제주제 : 자유과제 1개, 지정과제 2개
구분 과제 주제
자유과제 ㆍAI(인공지능 ) 기반 SW 융합 제품 또는 서비스 개발
지정과제 ㆍ지역 사회 문제 해결을 위한 SW 융합 제품 또는 서비스 개발
지정과제 ㆍ스마트시티 조성에 필요한 SW 융합 제품 또는 서비스 개발(자율주행 관련 데이터 )
 ㅇ 시상규모 : 상금 4,800만원(대상 3점, 우수상 11점)
구분 수상명 훈격 상금 비고
자유과제대상 과학기술정보통신부 장관상 (1) 500만원
우수상정보통신산업진흥원 원장상 (1) 300만원
지역별 지자체상 (4) 1,200만원
소계 6점 2,000만원
지정과제 대상 과학기술정보통신부 장관상 (1) 500만원
우수상 지역별 지자체상 (3) 900만원
소계 4점 1,400만원
지정과제 대상 과학기술정보통신부 장관상 (1) 500만원
우수상 지역별 지자체상 (3) 900만원
소계 4점 1,400만원
총합계 14점 4,800만원
   ※ 지자체상은 참가지역별로 1점씩(총 10점), 과제별 접수 규모에 따라 배분이 달라질 수 있음
   ※ 접수가 가장 많은 과제 대상 수상팀에 한하여, 해외연수 기회 제공(참가규모에 
따라 변동가능 , 연수 내용은 추후 안내 예정)- 3 -2모집 개요
 ㅇ 모집규모 : 6개팀 이내
   ※ 모집규모는 전국 대회 접수 현황에 따라 조정 가능, 조정 상황에 따라 지역 예선평가 실시
 ㅇ 참가자격 : 광주 지역 소재* 만 15세 이상 중ㆍ고ㆍ대학생 및 일반인
  * 거주지 또는 소속기관 (학교ㆍ직장 등)이 광주 지역인 경우
 ㅇ 참가형태 : 팀별 신청(1개팀 기준, 팀장 포함 4인 이내)
 ㅇ 지원내용 : 참가팀 대상으로 차량, 숙박 지원 예정
 ㅇ 접수기간 : 공고일로부터 8.6.(수) 16시까지(제출기한 엄수)
 ㅇ 접수방법 : 담당자 이메일 제출(1개의 압축파일로 제출)
 ㅇ 제출 및 문의처 : bsb1090@gicon.or.kr / 062-610-2452
 ㅇ 제출서류 : 1번 ~ 5번 서류 필수 제출
순서 제출 서류 비고
1 참가신청서 1부 첨부 양식
2 참가서약서 1부 첨부 양식
3 개인정보 수집 및 이용동의서 1부 첨부 양식
4 보호자 동의서 1부 미성년자의 경우에 한하여 제출
5 3분(1GB 미만) 분량의 제안서 발표영상 1부.
3추진 방법
 ㅇ 추진일정
~ 8.6.(수)
▶8. 7. (목)
▶8. 8. (금)
▶8. 11.(월) ~ 
▶8월중
▶8 .  2 9 . (금)  ~ 
8. 31.(일)
▶9월  ~  1 0월
참가팀 
모집참가팀
사전 
적격 평가
(서면)선발팀 
안내참가팀 등록
(공식 
홈페이지 )선발 
참가팀
사 전  멘 토 링대한민국 
SW융합
해 커 톤  대 회 
개최상훈 및 
상금 수여,
해외 연수
프로그램 
운영
   ※ 지역별 모집규모 (6개팀)는 전국 대회 접수 현황에 따라 조정가능 , 조정상황에 
따라 지역 예선 평가 절차 진행- 4 - ㅇ 지역 예선 평가
  - 평가일시 : 8. 7. (목) 예정
   ※ 세부평가일정 개별 안내 예정
  - 평가방법 : 각 과제별 제출 서류 기반 서면 평가 실시
  - 평가위원 : 분야별 외부 전문가 5인 이내
  - 평가기준
  평가항목 배점(점) 평가 내용
사업화 가능성 30 결과물의 시장 경쟁력 , 사업화 가능성 , 사업계획의 타당성과 충실도 , 결과물의 완성도
기술성 30 결과물의 기술적 가치, 결과물의 기술적 이해도
독창성 20 아이디어의 독창성과 창의성 , 참신성 , 기존 제품(기술, 서비스 등)과의 차별성
적합성 20 대회 취지, 주제와의 적합성
총합 100 -
※ 최고ㆍ최저점을 제외한 평가위원 평균점수가 70점 이상인 과제 중에서 총점 기준 고득점 과제 우선 선정
※ 동점 과제의 경우, 평가지표 중 배점이 높은 ‘사업화 가능성 ’, ‘기술성 ’ 점수가 높은 과제 선정
※ 지역 예선평가 이후 선정결과는 팀별 개별 안내 예정
4유의 사항
 ㅇ 접수한 팀의 팀장 포함 전체 팀원 중 과반 이상은 접수한 지역 소재여야 함
No. 지역 접수기관 No. 지역 접수기관
1 세종 세종테크노파크
7 전북전북테크노파크
2 강원 강원정보문화산업진흥원 한국전자기술연구원
3 경남 경남테크노파크 전주정보문화산업진흥원
4 광주 광주정보문화산업진흥원 8 제주 제주테크노파크
5 대구 대구디지털혁신진흥원 9 충남 충남테크노파크
6 부산 부산정보산업진흥원 10 충북 충북과학기술혁신원- 5 - ㅇ 모집 응모는 실명으로 하는 것을 원칙으로 함
 ㅇ 참가형태는 팀(1개팀 기준, 팀장 포함 4인 이내)으로 참가 가능
   ※ 향후 수상팀의 경우, 수상 이후 상금 배분은 참가한 팀 내부에서 해결해야 하며, 
주최/주관기관의 관여와 책임은 없음
 ㅇ 유사 대회에서 수상한 동일 작품은 접수 불가 원칙으로, 표절 및 도용, 
모방작으로 인정되는 경우에는 심사에서 제외되며 , 참가 신청 또한 취소됨
 ㅇ 접수작에 대한 지적재산권과 저작권은 접수자가 소유하며, 타인의 아이디어를  
도용하거나 지적재산권을 침해한 경우 접수자가 일체의 책임을 지며, 
선정 취소(무효)함
 ㅇ 모든 접수작은 향후 상용화 할 때 법적 문제가 없어야 하며, 시상식 
및 주최/주관기관의 홈페이지 등을 통해 공개될 수 있음
 ㅇ 제출된 서류는 일체 반환하지 않음
5문 의 처
❍ 담 당 자 : (재)광주정보문화산업진흥원 창업도약팀
❍ 연 락 처 : bsb1090@gicon.or.kr / 062-610-2452"
투자진흥지구 해외 투자유치 IR 프로그램 참여기업 모집 공고,https://www.gicon.or.kr/board.es?mid=a10204000000&bid=0003&act=view&list_no=31325&nPage=1,2025.07.24 ~ 2025.08.08,접수중,31325&seq=1.pdf,"「GICON 해외 투자유치 IR 프로그램 」
참 여 기 업  모 집  공 고
 아시아문화중심도시 광주 문화산업 투자진흥지구 기업의 해외 시장 진출 지원과 
투자 유치 활성화의 일환으로 추진하는 ‘GICON 해외 투자유치 IR 프로그램 ’ 
참여기업 모집을 아래와 같이 공고하오니 관련 기업의 많은 관심과 참여 바랍니다 .
2025년 7월 24일
광주정보문화산업진흥원장1 사업개요
  ○ 사 업 명 : 「GICON 해외 투자유치 IR 프로그램 」
  ○ 사업목적
    - 해외 투자사 및 바이어를 대상으로 투자진흥지구 기업의 콘텐츠와 투자 기회를 홍보하고 , 
신규 파트너십 및 투자유치 가능성 증진을 위함 
    - 콘텐츠 기업 해외 IR을 통한 현지 파트너사 발굴 및 글로벌 경쟁력 강화
  ○ 대상국가 : 중국 상해
  ○ 주요내용
    - 1:1 현지 바이어 /투자자 비즈니스 매칭
    - IR 피칭 및 데모데이
    - 중국 상해 내 창업 지원 기관 및 콘텐츠 관련 기관 방문
    - 중국 콘텐츠 창업 생태계 이해 및 기업교류 네트워킹
  ○ 행사기간 : 
    - (1안) 2025.9.22. ~ 9.24.
    - (2안) 2025.10.13. ~ 10.15. 
      *현지 조율에 따라 변경 가능
2 지원내용
  ○ 지원대상 : 투자진흥지구 권역 내 문화 콘텐츠 기업 5개사
    - (우선순위 1) 해외 진출 계획, 중국 시장 타깃 BM 보유 및 사업 다각화 가능성이 높은 
기업 우대
    - (우선순위 2) 디지털 기술융합 콘텐츠 기업 (실감 영상 및 AI 융합 콘텐츠 등)
    - AX/Data 기반 콘텐츠 스타트업
    - VR, XR 등 실감형 /가상현실 콘텐츠 기술 등 상품 BM 기반 콘텐츠 기업
    - 콘텐츠 IP 기반 화장품 , 의류, 생활용품 등 상품화 사업 모델 보유 기업
    - 게임, 애니메이션 , 웹툰, 영상 제작 및 배급 등 영상 콘텐츠 기업
      ※ 진흥원 입주관리비를 3개월 이상 연체한 기업 및 지방세 체납중인 기업 제외
  ○ 지원내용 : 항공료 및 숙박비 일부 지원(기업별 최대 2인/ 30% 참가기업 자부담 필수), 
IR 피치덱 컨설팅 , 해외 투자유치 IR 기회 및 프로그램 행사 참가 등 
 
  ○ 지원규모 : 총 5개사  
    ○ 추진절차
공고 ➜ 신청접수 ➜ 선정심사 ➜컨설팅 및 해외 IR➜ 후속관리
진흥원 홈페이지 전자우편 접수선정심사
(서류 및 발표)IR 컨설팅 및 해외 
프로그램 참가(기업) 투자유치 및 
현지 파트너사 
계약 등 실적 보고
(진흥원 ) 보고서 
검토 및 후속관리
’25. 7. ~ 8.  ~’25 8.8 ’25. 8. ’25. 10. ~ ’25. 11.
3 신청안내 및 선정방법
  ○ 공고 및 접수 기간 : 공고일 ~ 2025. 8. 8.(금) 17:00 까지
  ○ 접수방법 : 사업담당자 전자우편 접수
      ※ 제출서류 원본은 선정된 기업에 한해 추후 제출
  ○ 접 수 처 : ehcho@gicon.or.kr
    ※ 접수 이메일 제목 : “(기업명 ) GICON 해외 투자유치 IR 프로그램 신청”으로 작성요망
  
  ○ 제출서류
    - [붙임1] 지원신청서 및 발표자료 (자유양식 ) 1부
    - [붙임2] 신청서 기본정보 및 기업 IR 자료
    ※ IR 자료 내 필수 포함 항목 
     · 기업소개 & 사업목적 / 문제분석 / 해결책 / 시장규모 및 고객분석 / 경쟁사 분석 및 
차별점 / 비즈니스 모델(BM) / 투입인력 / 사업(시장)확장 계획/ 재무(매출 계획 및 
예상 비용)계획 / 비전 
    - [붙임3] 개인정보 수집‧이용‧제공 동의서 1부
    - 사업자등록증 사본 1부 
    - 국세 및 지방세 완납증명서 1부
  
  ○ 선정방법 : 선정심사 (제출서류 + 발표 종합평가 )
    - 제출서류 구비 여부 및 지원자격 검토 및 발표평가를 통한 선정대상 적정성 판단구분 평가항목 심사내용 점수
선정심사참가 
목적의 
명확성① 해외 IR 대상국 (중국)과 비즈니스 , 시장확대 등을 기획 및 진행 중인 기업
② 중국 시장 진출 및 현지 파트너사 발굴 등 구체적인 해외 진출 의지가 있는 기업40
콘텐츠 
경쟁력③ 중국 시장 진출시 지속 가능한 콘텐츠 등 현지 경쟁력 여부 20
IR 자료의 
구체성④ IR 자료의 기획력 및 구체성 등 20
기대성과 ⑤ 향후 투자유치 및 지속가능한 성장 가능 여부 10
기술융합 
콘텐츠 
가산점⑥ 디지털 기술융합 콘텐츠 분야 기업(실감 및 AI 융합 콘텐츠 등) 10
총계 100
 ※ 최고점과 최저점을 제외한 종합평점 70점 이상 건에 대해 사업비 범위 내에서 평점순으로 
지원할 5개 기업 선정
 ※ 선정사 참가 포기 등을 고려하여 예비순위 선정 (종합평점 60점 이상인 기업에 한하며 , 
추가 선정시 개별 통지)
 
  ○ 선정결과 : 홈페이지 결과 공고 및 개별 통보
4 유의사항 및 문의처
  ○ 신청 제외 대상
     - 국세·지방세 체납 또는 금융기관으로부터 채무 불이행이 확인된 경우
     - 기업이 부도 또는 휴·폐업 상태인 경우
     - 금융기관으로부터 불량거래자로 규제 중인 자
     - 다른 법률과 조례에 의해 유사한 지원을 받은 경우
     - 해외여행 결격사유가 있는 자
     - 사업장 소재지가 아시아문화중심도시 투자진흥지구 권역 외 인 경우
     - 진흥원 입주관리비를 3개월 이상 연체한 기업
     - 마케팅 및 해외전시 참가지원 등 유사 지원항목 사업 중복지원 불가 (GICON 
및 타기관 사업 일체)
  ○ 기타 유의사항
     - 본 프로그램에 참여한 기업은 진흥원의 기업의 실적 및 사업 관련 기타 요청 
사항 등에 적극 협조하여야 함     - 사업내용 및 공고문 미숙지에 따른 책임은 신청자에게 있음
     - 접수마감 기한 초과 및 제출 서류 누락 등의 책임은 신청자에게 있음
     - 지원신청 내용이 허위로 밝혀질 경우 심사에서 제외되며 선정이 확정된 경우
라도 추후 취소 및 환수 조치할 수 있음
     - 제출된 서류와 자료는 일체 반환하지 않으며 제출 후 수정 또는 보완이 불가함
    - 선정 결과 통보 후 특별한 사유 없이 취소한 기업에게는 향후 유사사업 참여 제한
     ※ 취소 사유 발생 시 차순위 기업 선정을 위하여 즉시 진흥원에 서면으로 통보하여야 함
  ○ 문 의 처 : 전략기획 TF팀 조은혜 책임(ehcho@gicon.or.kr  / 062-610-2985)"
「광주글로벌게임센터 게임 기업 상용화 서비스 지원」 참가기업 모집 공고,https://www.gicon.or.kr/board.es?mid=a10204000000&bid=0003&act=view&list_no=31306&tag=&nPage=1,2025.07.15 ~ 2025.08.11,접수중,31306&seq=1.pdf,"-1-광주글로벌게임센터
게임 기업 상용화 서비스 지원
참가기업 모집 공고
광주글로벌게임센터에서는 광주 지역 게임 콘텐츠의 QA, 마케팅, 퍼블리싱 
매칭 등 원스톱 지원을 통한 우수 게임 콘텐츠 육성 및 게임 기업 수익성 
제고를 위해‘게임 기업 상용화 서비스 지원’을 진행합니다 .
다음과 같이 참가기업 신청 접수를 받고 있으니
관심 있는 게임 기업의 많은 참여를 바랍니다.
                               2025년  7월
(재)광주정보문화산업진흥원장-2-Ⅰ  사 업 개 요
1사업목적
❍ 출시를 앞둔 게임의 고도화 및 글로벌화를 위한 마케팅 지원 필요
❍ 게임 장르 및 기업 상황에 맞는 통합적인 게임 상용화 서비스 지원시스템 구축 필요
❍ QA, 마케팅, 퍼블리싱 매칭 등 원스톱 지원을 통한 우수 게임 콘텐츠 육성 및 
지원기업 수익성 제고
2사업개요 
❍ 사 업 명 : 광주글로벌게임센터 게임 기업 상용화 서비스 지원
❍ 사업규모 : 광주광역시 내 게임 기업 (2개 사 이상) / 기업별 한도액 내 자유롭게 배분하여 지원
※ 본 지원사업은 직접 지원사업이 아닌 전문용역사업 으로 용역사의 기업 컨설팅 및 
콘텐츠에 따라 사업규모가 변경될 수 있음
❍ 사업기간 : 2025. 9. ~ 11. (약 3개월)
❍ 사업내용 : 상용화 계획 및 전략 컨설팅, 게임 기본QA, 맞춤형(L)QA, 마케팅지원 , 
퍼블리셔 매칭 등
3신청자격 
❍ 지원대상 : 사업장 소재지를 광주광역시에 두고 게임제작업자등록증 (광주)을 보유한 게임 기업
❍ 지원자격
– 최소 알파 테스트가 가능한 게임 빌드를 보유한 기업
– 게임에 관한 세부 기획서 보유
– (미출시작) 게임 개발 완료 단계에서 2025년 9월 30일 전까지 상용화가 가능한 게임
– (출시작) 기 상용화 된 게임의 QA, 마케팅 지원이 필요한 게임
지원 제외대상
 · 부도기업 , 국세 또는 지방세를 체납 중인 기업
 · 신청일 현재 국가연구개발 (또는 지원)사업에 참여제한 조치 중인 기업(대표) 및 사업 책임자
 · 우리원 및 정부 관련 기관(국가 및 지방자치단체 등) 수행사업의 정산잔액 , 기술료 등을 미납한 경우
 · 타인의 작품을 모방하거나 타인의 저작권을 무단으로 사용한 경우
 · 우리원 또는 다른 기관으로부터 2023년 ~ 2025년 기간 내 동일한 게임 콘텐츠로 품질보증 또는 유사 
과제 지원 이력이 있는 콘텐츠 (※ 동일한 게임 콘텐츠 중복 지원 불가)
   – 광주 지역에 지사 설립 후 3개월 이내 지원 불가
     ※ 지사 설립 : 사업자등록일 기준이며 , 최소 3명 이상 근무, 거주 증빙 필요
※ 지원제 외  대 상 자 가  선 정  및  지 원 을  받 은  경 우 는  선 정  및  지 원  취 소, 지 원 금  환 수, 향후 지원사업에 참여제한 조치됨-3-4지원내용 
m 지원내용
공통과정1. 상용화 계획 및 전략 컨설팅 (기업당 3회 이상) 필수
 • 전문 수행사와 상용화 계획 및 전략 컨설팅을 통해 필요 지원 협의
2. 기본 QA 지원
항  목 지원 내역
기능성 테스트-TC(Test-Case) 기반 전반적 기능 검증 
-사전 오류 검증 및 콘텐츠 기능 테스트
호환성 테스트-디바이스별 호환성 검수
-디바이스 제조사별 작동 점검
-OS별 콘텐츠 성능 검증
네트워크 및 성능테스트 -통신환경 , 다운로드 , 보안 테스트
3. 맞춤형 QA 지원
항  목 지원 내역
현지화 지원-목표시장 진출 역량 진단 및 전략 수립
-목표시장 현황 및 트렌드 분석, 비즈니스 컨설팅 제공
번역 및 LQA -목표시장 현지화를 위한 콘텐츠 번역 수행
밸런싱 테스트 -서비스 , 플레이난이도 , 조작 분석 등 게임성 고도화
마켓 검수 및 피처드 솔루션 -OS별 마켓 등록 가이드 제공 및 사전 검수 수행
FGT(그룹테스트 ) -10명 이상 그룹테스트 수행
4. 마케팅 지원
 - 광고 배너 제작(마케팅을 위한 광고 배너 제작)
 - 트라이얼 영상 제작(게임별 풀(5분 이상)/숏(1분 이내) 영상 제작 지원)
 - 인플루언서 (유튜브 , 트위치 등) 게임별 타겟 발굴 가능성이 높은 
인플루언서 광고
 - 글로벌 바이럴 마케팅 /플랫폼 광고 
선택
-
퍼블리셔 
매칭1.기업 수요 반영 퍼블리셔 1:1 매칭 멘토링 지원
※ 상세 지원내역 및 범위는 본 사업 용역에 선정된 전문 수행사와 협의를 통해 확정(변동가능 )
※ 본 사업은 직접 지원사업이 아닌 용역사업으로 용역사의 프로세스에 따라 지원이 진행됨
※ 공통과정 내 기업의 수요에 따라 참가 신청서에 지원 필요성 기재-4-5추진절차 및 일정
 
준비단계 공고 및 접수 2025. 7.15. ~ 8.11. 진흥원 홈페이지
↓
접수
및
선정신청과제 평가 및 선정 2025. 8.13.(예정)진흥원 (선정평가위원회 )
※ 외부전문가로 구성된 발표평가
↓
선정 평가 통보 2025. 8.19.(예정) ※ 진흥원 홈페이지 또는 개별 안내
↓
사업수행 사업수행 2025. 9. ~ 11. 지원기업 ↔ 전문용역사
↓
사후관리 사후 관리 - 지원기업 ↔ 진흥원
* 상기 일정은 사정에 따라 변경될 수 있음
Ⅱ 사 업 개 요
1선정방법 및 기준
❍ 지원기업 신청과제는 주관적 평가(발표평가)를 통해 선정함 
❍ 평가위원장 1인을 포함한 5인 이내 외부전문가를 구성하여 평가 진행
❍ 평가위원회 점수 최고점과 최저점을 제외한 평균점수가 70점 이상 고득점 순서로 선정
❍ 선정 게임 콘텐츠 규모에 따라 포인트 차등 분배 및 조정 예정
❍ 동점자 발생 시 게임우수성 및 제작역량(30점), 마케팅 계획의 적절성(30점), 지원 
적합성(30점) 순으로 배점이 높은 순서로 선정
❍ 발표 평가시 대표이사 또는 과제수행 책임자 발표 필수
  ※ 대표이사 또는 책임자 발표 불가능시 (질병, 사고 등) 사전 공문 득하여 진행 가능
❍ 발표평가 : 2025. 8.13.(수) 예정 
– 게임 선정 기준
구 분 평 가 요 소 배 점
게임 우수성 및 
제작 역량ㅇ 게임의 독창성 , 재미요소 , 플레이 완성도 (유저 흡입력 , 완성도 등)
ㅇ 제작 역량(공식 마켓에 출시 완료한 경험, 매출 발생 정도 등)30
사업화 및 마케팅 
계획의 적합성ㅇ 목표시장에 대한 이해 및 전략, 사업목표 설정 명확성 여부
ㅇ 매출 발생 및 확대를 위한 전략 방안
ㅇ 게임 상용화 런칭 후 운영 노하우 , 유저 대응, 업데이트 계획 등30
지원 적합성ㅇ 목표시장 런칭(해외포함 )을 위한 지원 필요성의 적합성 및 타당성
ㅇ 지원으로 인해 기대되는 매출 및 기대효과30
성장가능성 ㅇ 상용화 추진에 따른 게임의 수익화 및 성장 가능성 10
계 100-5-2신청서 작성 및 제출방법
❍ 신청서 양식
- 진흥원 홈페이지(www.gicon.or.kr) 사업공고 게시판에서 다운로드 
❍ 신청기간 : 2025. 8.11.(월) 16:00 까지
- 상기 일정은 기업 모집 상황에 따라 연장 가능
❍ 신청방법  
- e-mail 신청 : jhb@gicon.or.kr
- 메일제목 : [지원신청] 상용화서비스지원 _기업명
- 파일명 : 상용화서비스지원 _기업명 (압축파일로 제출)
※ 신청 후 전화로 확인
※ 문 의 : 콘텐츠융합팀 배지혜 수석 (062-610-2952)
3제출서류
❍ 참가 신청 시
번호 제출서류 목록 필수항목
1ž 참가신청서 (직인 날인 후 스캔) 및 콘텐츠소개서 
 ※ 공고문에 첨부된 신청서 서식 활용O
2ž 게임 콘텐츠 영상 및 실행 파일 
  출시작의 경우 URL 링크 제출 필수(설치가 필요할 경우 별도 요청을 할 수 있음)O
3ž 발표자료 (자유양식 )  ※ 접수마감 이후 제출 절대 불가 O
4ž 사업자등록증명 – 공고일 기준 최근 3개월 이내 발급분 O
❍ 최종선정 후(별도 제출)
번호 제출서류 목록 필수항목
1ž 사업자등록증 – 평가 예정일 (8.13.) 이후 발급분 O
2ž 게임제작업자 등록증 – 각 구청 발급 O
3ž 국세ž지방세 완납증명서 – 평가 예정일 (8.13.) 이후 발급분 O
4ž 중소기업 지원사업 통합관리시스템 정보 활용 동의서 O
5ž 광주광역시 지사 지원시 상근직원 근무 확인 지 사  지 원 의  경 우
❍ 문의처
기관명 담당자 연락처 이메일 비고
(재)광주정보문화산업진흥원 배지혜 062-610-2952 jhb@gicon.or.kr 사업 관련-6-4유의사항
❍ 본 사업에 명시된 기간 내 미런칭 시 본 사업 혹은 서비스 지원에 제약이 있을 
수 있음
❍ 서류 제출기업은 지원받고자 하는 게임콘텐츠에 대한 지적재산권을 소유하고 
있어야 하며 만약, 콘텐츠에 대한 분쟁이 발생하는 경우 모든 책임은 신청기업에  있음
❍ 본 사업은 광주정보문화산업진흥원의 「광주글로벌게임센터 운영규칙」에 의거
하여 관리하며, 선정된 사업자는 관련 규정을 숙지하고 준수하여야 함
❍ 본 사업의 신청, 사업수행에 있어 광주정보문화산업진흥원의 규칙, 지침의 미
숙지로 인한 불이익은 신청기업의 책임임
❍ 제출하신 서류 및 물품 일체는 접수기간 이후 수정 및 반환 불가
❍ 신청 게임 수는 개인과 기업 당 1개를 원칙으로 함
❍ 중복지원 불가 : 2023 ~ 2025년 기간 내 동일한 게임 콘텐츠로 광주정보문화
산업진흥원이나 타 기관으로부터 게임 콘텐츠 품질 보증 또는 유사 과제를 중복 
지원*을 받은 사실이 확인될 경우, 지원 사항이 결정된 이후라도 제재조치를 
취함(*지원 취소, 향후 사업 참여 제한)
❍ 기업 컨설팅 및 콘텐츠에 따라 사업규모가 변경될 수 있음
❍ 본 공고 내용은 사정에 따라 변경될 수 있음"
「2025년 ICT이노베이션스퀘어 확산사업」호남IS 우수사례공모전 모집 공고,https://www.gicon.or.kr/board.es?mid=a10204000000&bid=0003&act=view&list_no=31294&tag=&nPage=1,2025.07.14 ~ 2025.08.07,접수중,,
「2025 지역디지털품질관리역량강화사업」 SW품질기술교육 SW Testing Foundation 교육(ISTQB CTFL) 수강생..,https://www.gicon.or.kr/board.es?mid=a10204000000&bid=0003&act=view&list_no=31271&tag=&nPage=1,2025.06.26 ~ 2025.08.20,접수중,,
실감콘텐츠 스튜디오 프로젝트 현물지원기업 모집 공고,https://www.gicon.or.kr/board.es?mid=a10204000000&bid=0003&act=view&list_no=30898&tag=&nPage=1,2025.02.11 ~ 2025.12.01,접수중,30898&seq=1.pdf,"2025. 2. 
스튜디오 활성화 사업스튜디오 활성화 사업스튜디오 활성화 사업스튜디오 활성화 사업스튜디오 활성화 사업스튜디오 활성화 사업스튜디오 활성화 사업스튜디오 활성화 사업스튜디오 활성화 사업스튜디오 활성화 사업스튜디오 활성화 사업스튜디오 활성화 사업 GCCCGI GCCCGI GCCCGI GCCCGI GCCCGI GCCCGI GCCCGI GCCCGI GCCCGI GCCCGI GCCCGI GCCCGI 『 』『 』『 』『 』『 』『 』『 』『 』『 』『 』『 』『 』‧‧‧‧‧‧‧‧‧‧‧‧스튜디오 활성화 사업 GCCCGI 『 』‧
실감콘텐츠 스튜디오 프로젝트 현물실감콘텐츠 스튜디오 프로젝트 현물실감콘텐츠 스튜디오 프로젝트 현물실감콘텐츠 스튜디오 프로젝트 현물실감콘텐츠 스튜디오 프로젝트 현물실감콘텐츠 스튜디오 프로젝트 현물실감콘텐츠 스튜디오 프로젝트 현물실감콘텐츠 스튜디오 프로젝트 현물실감콘텐츠 스튜디오 프로젝트 현물실감콘텐츠 스튜디오 프로젝트 현물실감콘텐츠 스튜디오 프로젝트 현물실감콘텐츠 스튜디오 프로젝트 현물실감콘텐츠 스튜디오 프로젝트 현물실감콘텐츠 스튜디오 프로젝트 현물실감콘텐츠 스튜디오 프로젝트 현물실감콘텐츠 스튜디오 프로젝트 현물 지원기업 모집공고지원기업 모집공고지원기업 모집공고지원기업 모집공고지원기업 모집공고지원기업 모집공고지원기업 모집공고지원기업 모집공고지원기업 모집공고지원기업 모집공고지원기업 모집공고지원기업 모집공고지원기업 모집공고지원기업 모집공고지원기업 모집공고지원기업 모집공고
2025.  2. 
- 2 -실감콘텐츠 스튜디오 프로젝트 현물지원기업 모집 공고문
과제목적□ 
 ❍ 실감콘텐츠 산업의 지원 체계 확립 및 기업 성장 기여를 통한 광주의 
실감콘텐츠 및 버추얼 프로덕션 창 제작 기반 조성 ·
 ❍ 실 가상 혼합 환경 기반 영화 드라마 미디어아트 등의 영상콘텐츠 · , , 
제작 지원과 지역 기업 인프라 연계지원을 통한 연관 기업의 콘텐츠 
사업화 확대 및 기업 성장 촉진  
 ❍ 실감콘텐츠 제작스튜디오의 전문성 제고 및 입지 공고화를 통한 광주
실감콘텐츠큐브 의 활성화 도모 (GCC)
과제개요□ 
 ❍과 제 명  : 실감콘텐츠 스튜디오 프로젝트 현물지원
과제내용  : ❍ 실감콘텐츠 제작스튜디오 시설 장비의 현물지원· 을 통한 
실감콘텐츠 제작 지원
과제기간 공고일  : ~ 2025. 12.❍
접수기간 공고일  : ~ 2025. 12. 1. ❍ 최대 지원규모 충족 시 접수마감※ 
지원대상  : ❍ 실감콘텐츠 제작기업또는 고유번호증을 보유한 단체 단위 ( )
컨소시엄 신청 가능                       ※ 
지원분야  : ❍ 페이셜캡쳐 포토그래 VP, XR Stage, LED Wall, MR 
메트리 기반 기술을 활용한 콘텐츠 제작기업
지원시설 광주실감콘텐츠큐브 스튜디오 및 스튜디오 : (GCC) VX MR❍
세부내용 ❍
구분 스튜디오VX 스튜디오 페이셜캡쳐MR ( )
과제내용· 등 관련 요소 기술을 ICVFX / XR Stage / LED Wall  
적용한 콘텐츠 제작 유형의 범주 내 자유 제안
요소기술 : ICVFX / XR / LED Wall※ · 페이셜캡쳐 포토그래메트리 기반 관련  
기술을 적용한 콘텐츠 제작유형의 범주 내 
자유 제안
장비구성- LED Wall System
 · Main Wall : 30m x 6m, 2.6mm / 11,520 x 2304(12K x 2K)
 · Ceiling Wall : 10m x 5m, 3.9mm / 2560 x 1280
 · Floor Wall : 15m x 10m, 3.9mm / 3,840 x 2,560
- Media Control System : Disguise VX4 5EA / RX2 6EA
- Tracking System : Stype(RedSpy Tracking System)
- Video System : Sony HDC-5500 3EA / Sony XVS-G1 VMU
- Lighting System : Light Shark LS-1
세부내용은 스튜디오 안내서 참조 ※ - Facial Capture System(LIghtCage)
구조물 크기 직경 높이 · : :250cm/ :255cm
카메라  · : Sony A6400 x 60EA
조명  · : Multi Flash 156EA
파워허브 카메라 조명 연결 포함 · ( , ) 
스티칭 프로그램 및 일부 후보정 포함 · SW 
세부내용은 스튜디오 안내서 참조 ※ - 3 -지원규모 개 과제 내외10 개 과제 내외3
제작예시
 · 영화 드라마 예능 교양 다큐멘터리 콘서트, , , , , ,  
온라인 팬미팅 뮤직비디오 광고 쇼 비즈니스 , , , ,  
신제품 런칭쇼 라이브커머스 스포츠패션 , , ·  
필름 콘텐츠촬영 방송중계 등 , 메타버스 공연 선거방송 광고 영화 · , , , , , 
예능 콘서트 축제 등, , 
 · 예시 : 기술을 활용한 Virtual Production  
더문 눈물의여왕 등‘ ’, ‘ ’ ‘RM Come Back to me’  
영화드라마 콘텐츠 및· , M/V 기술을 활용한  XR  
에일리 콘서트 삼성 키노트 차이나는XR , (CES), JTBC  
클라스 양육자들 등 콘서트 쇼케이스 방송, EBS , ,  
콘텐츠 등의 요소기술 적용 콘텐츠  · 예시 메타버스 공연 실사형 영상콘텐츠 등: , ,  
디지털휴먼 및 버추얼 캐릭터 기반  MBC 
너를 만났다 가상휴먼 , 「 」  로지 걸그룹 , 「 」  
에스파 디지털휴먼 광야 선거방송 , 「 」  등 관련 
제작 목적의 기술 적용이 가능한 콘텐츠  
지원범위· 스튜디오 시설장비 현물지원 자부담VX · 90% (10% )
 사용완료 후 원상복구 필수 장비 시스템 포함 ( ·S/W( ) ) ※
실감콘텐츠 제작 장비 별도 협의 지원· 
주차약 대 스튜디오 부대시설배우분장실· ( 30 ), ( , 
의상실 소품실 제작자휴게실 등, , )페이셜캡쳐 스튜디오 · 시설장비 현물지원 · (100%) 
사용완료 후 원상복구 필수 장비 시스템 포함 ( ·S/W( ) ) ※
실감콘텐츠 제작 장비 별도 협의 지원· 
· 주차약 대 스튜디오 부대시설제작자휴게실 등( 30 ), ( )
지원조건스튜디오 시스템 사용 가능  · 기술인력 보유 기업 또는 기술인력 참여
제작 콘텐츠의 기획의도가 포함된 증빙자료 제출 · 제작기획서 등( )
협의에 따라 일부 기술지원 가능 ※ 
제작지원의 고지· 
콘텐츠 서비스 및 홍보활동에 제작지원콘텐츠 향후 서비스 될 콘텐츠 등 의 지원받은  - ( )
사실을 광주광역시 재광주정보문화산업진흥원 로고 및 명칭을 다음과 같이 반드시 표기 , ( )
고지방법 - 
제작지원의 성과활용 · 
온라인 홈페이지 게시 복제 전송 등 및 오프라인 복제 배포 전시 홍보물 등 에서  - ( , ) ( , , , )
과제수행의 결과물 또는 콘텐츠를 공익 등 비영리 목적으로 사용할 수 있음
제작지원에 참여한 콘텐츠에 대한 홍보 활동 홈페이지 지면 보도자료 등 동의  - ( , SNS, , ) 
및 광주정보문화산업진흥원이 주관하는 홍보 활동 사진 제공 인터뷰 참여 등 사업 ( , ), 
관련 기타 요청 사항 등에 적극 협조구분 내용
고지 시기프로그램 시작 또는 종료 시 자막으로 고지 - 
홍보활동의 경우 홍보물 내 표기- 
고지 문구
예시( )이 프로그램은 아시아문화중심도시 광주의 지원을 받아 제작되었습니다- ‘ ’ . 
- 이 프로그램은 광주광역시와 광주정보문화산업진흥원의 지원을 받아 제작되었습니다 ‘ ’ ‘ ’ .
- 이 프로그램은 의 실감콘텐츠 스튜디오 프로젝트 현물지원을 받아 제작되었습니다 ‘GICON .
고지 예시로고1
광주광역시( )로고2
광주정보문화산업진흥원( )로고3
광주실감콘텐츠큐브( )
- 4 -결과제출 · 최종결과물 식 이상 제출 1
의 요소기술이 적   ICVFX, XR Stage, LED Wall※ 
용된 분량이 최종 결과물의 분 이상이여야 함 1
 · 제출 파일 포맷 : MP4, MOV
 · 해상도 최소 : 4K(3840*2160)최종결과물 식 이상 제출 · 1
  페이셜캡쳐 포토그래메트리 기반 관련 기술 적용 필수※ 
에셋 식 영상콘텐츠 식 이상 · 1 , 1
영상분량 제한없음해상도 포맷 포함 · : ( , )
제출포맷 에셋 영상 등 · : ( ) fbx, ( ) mp4, mov 
결과보고서· 
콘텐츠 제작 진행과정사진 장 이상 및 영상 식 이상 - ( 20 1 )
최종 제작 결과물이 포함된 결과보고서 - 
만족도 조사서· 
스튜디오 시설 및 장비 등 시스템 운용에 따른 만족도조사서 제출과제책임자 포함 인 이상 응답필수 - ( 2 )
만족도조사 링크  - : https://forms.gle/QGfsntaGRSwPtVXP6
콘텐츠 최종 결과물· 
결과물 규격에 따른 제작 최종 결과물  - 
협의에 따라 가편집본 제출 가능 - - 5 -Ⅰ신청방법 및 기간
신청기간▢
공고 및 접수 공고일   : ~ 2025. 12. 1.○ 
최대 지원규모 충족 시 접수마감   - 
   - 제작 콘텐츠의 특성 및 내부 사정 등에 따라 변동될 수 있음
추진절차▢
공고 및 접수 서류검토 사용협의
스튜디오 일정 고려( )부서장 승인 선정 결과 안내
유선 및 전자우편( )
신청방법▢
  ① 광주정보문화산업진흥원 홈페이지 알림마당 사업공고 에서 실감콘텐츠 [ - ]  
스튜디오 프로젝트 현물지원 조회
신청서 등 제출서류 양식 다운로드 후 작성  ② 
  ③ 제출 서류를 번호순으로 정리 및 확인 후 기업명 과제명 형태로 압축 [ ] .zip 
제출 서류 압축 후 이메일 제출  ④ 
사업담당자 이메일 로 지원사업 서류 제출    - (pjs@gicon.or.kr)
유선으로 접수 확인  ⑤ 
유선전화 를 통해 서류 접수 확인    - (062-610-2944)
제출서류▢
구분 제 출 서 류 제출형식 비고
1과제신청서 및 수행계획서날인 필수 o ( ) PDF, HWP
필수 2제작기획서 또는 시나리오 o 자유양식
3사업자등록증또는 고유번호증 사본 o ( ) 스캔파일PDF( )
서류검토 및 협의 시 추가 서류 제출을 요구할 수 있음      ※ - 6 -Ⅱ기    타
유의사항▢
  - 본 사업은 광주광역시 광주광역시 문화산업시설 설치 및 운영 조례 에 「 」  
의거하여 수행되며 수행기업은 관련규정을 숙지하고 준수해야 함 , 
  - 본 사업의 신청 사업수행에 있어 진흥원의 규칙 지침의 미숙지로 인한 , , 
불이익은 수행기업이 감수하여야 함
공고에 미 명시된 내용에 대해서도 관련법령 규정 지침에 따름      , , ※ 
  주요한 변경사항이 있을 경우 사전에 진흥원의 승인을 받아야 하며일체의 - (
서류는 반환하지 않음 당초 지원 취지에 벗어나는 중대사항일 경우 지원 ), 
결정을 취소할 수 있음
  - 본 사업을 위해 제출된 서류의 내용에 허위사항이 확인될 경우 지원취소 
등의 조치를 취할 수 있음
  - 본 사업의 선정 이후에 사업기간 내 완료되지 않을 경우 향후 진흥원 과제 수행 
제한 등의 제재조치를 취할 수 있음
  - 선정된 모든 기업은 지원종료 이전까지 과제의 수행을 완료하고 최종
결과물을 제출하여야 하며, 지원종료일부터 개월 이내에  1 전기냉난방사용료 ‧
별도정산를 정산해야 함( )
  - 본 사업의 과제수행을 위해 제반되는 초상권 및 지적재산권에 대한 분쟁 발생 시 
제재조치를 취할 수 있으며 분쟁에 대한 모든 책임은 수행기업에게 있음 , 
  - 과제수행 결과로 발생되는 영상제작물에 대해 문화체육관광부 광주광역시 , , 
광주정보문화산업진흥원에서 공공의 목적으로 협의를 통하여 무상으로 활용 및 
이용할 수 있음
  - 본 사업의 신청 사업수행에 있어 기존 수행중이거나 수행예정인 정부 , 
지원 사업으로 인하여 수행에 차질이 있을 시에는 향후 진흥원 과제 
수행 제한 등의 제재조치를 취할 수 있음
  - 본 사업의 컨소시엄에 경우 주관기업과 참여기업 간 분쟁 발생 시 진흥원은 
일절 관여하지 않으며 모든 분쟁의 책임은 주관기업에 있음- 7 -  - 수행기업이 스튜디오를 당초의 목적 및 사업의 목적대로 사용하지 않거나 임의로 
제작을 중단 미이행의 경우에는 관련규정에 따라 필요한 제재 , 조 치  등 을  취 할  수  있 음
수행기업은 일반적으로 시설장비의 구성을 변경하거나 수선하지 않아야 함  - ‧
담당자와 사전협의 후 변경 및 수선은 가능담당자 동행 시   ( )‧
  - 스튜디오 시설장비의 부당분실 파손 ( , ‧ 등) 사용 등 기타 본 사업 관련 해지 
여건이 발생될 경우 전적으로 수행기업에게 책임이 있으며 , 해당 사업자에게 
수리비 등을 청구 및 향후 지원 사업 지원 불가 등의 제재조치를 취할 수 있음
  - 수행기업은 스튜디오 시설장비 사용 완료 후에 원상복구에 대한 의무가 있음 ‧
세부내용
프로젝트 종료 후 모든 장비 및 물건은 원상복구를 원칙으로 하며 대상 및 세팅값은 아래와 같음· , .
카메라 세팅 출력방식 등 카메라 세팅 전반 - (Frame rate, (i/p), HDR Mode )
조명 세팅 운용 콘솔 및 포함 - ( Cue, DMX Patch )
음향 세팅 운용 콘솔 및 포함 - ( Cue, I/O, Effector, Pacth )
지미집 포함 및 레일 - (Crane Camera System, StypeKit ) 
싱크제너레이터 - 
미디어서버 프로젝트 - 
프로젝트  - RenderStream 
미디어서버 내 추가하였던 데이터 삭제 - 
프로세서 - LED (Brompton)
세팅 값  - Tracking Camera 
 - Color Space(Dynacal)
기타 반입 또는 장비 및 시스템 - ( Extension) 
프로젝트 시작 전 상태로 복구가 어려운 경우 진흥원이 지정하는 업체를 통해 복구 후 비용 별도 지불  ※ 
미술 세팅 시 바닥 를 손상 시키지 않는 나무 받침대와 마감재 설치 후 미술 세팅 필수 - LED
단 프로젝트 규모 및 제작 콘텐츠 등에 따라 별도 협의 후 조정 가능  , ※ 
스튜디오 서버실은 반드시 담당자와 함께 출입  - VX
문 의 처▢
  사업관련 문의○ 
실감콘텐츠팀 박진성 책임    - (T.062-610-2944, pjs@gicon.or.kr)"
